id,shipment_id,timestamp,temperature,min_allowed_temperature,max_allowed_temperature,is_excursion,sensor_location,telemetry_notes
tele-001,d2e3f4a5-b6c7-4d8e-9f0a-1b2c3d4e5f6a,2026-09-04T06:00:00Z,3.8,2.0,6.0,False,Reefer Bay Zone A,Normal refrigerated cooling
tele-002,d2e3f4a5-b6c7-4d8e-9f0a-1b2c3d4e5f6a,2026-09-04T12:00:00Z,4.1,2.0,6.0,False,Reefer Bay Zone A,Normal refrigerated cooling
tele-003,d2e3f4a5-b6c7-4d8e-9f0a-1b2c3d4e5f6a,2026-09-04T18:00:00Z,6.8,2.0,6.0,True,Reefer Bay Zone A,WARNING: Compressor cycle oscillation detected
tele-004,d2e3f4a5-b6c7-4d8e-9f0a-1b2c3d4e5f6a,2026-09-05T00:00:00Z,8.5,2.0,6.0,True,Reefer Bay Zone A,"CRITICAL EXCURSION: Refrigeration compressor failed, vehicle routed to repair depot in Melbourne"
tele-005,d2e3f4a5-b6c7-4d8e-9f0a-1b2c3d4e5f6a,2026-09-05T06:00:00Z,9.2,2.0,6.0,True,Reefer Bay Zone A,"CRITICAL EXCURSION: Secondary backup unit engaged, awaiting thermal re-stabilization"
tele-006,d2e3f4a5-b6c7-4d8e-9f0a-1b2c3d4e5f6a,2026-09-06T12:00:00Z,4.5,2.0,6.0,False,Reefer Bay Zone A,"Thermal equilibrium restored, cargo batch quarantined for lab assay"
tele-007,e3f4a5b6-c7d8-4e9f-0a1b-2c3d4e5f6a7b,2026-09-02T10:00:00Z,21.5,10.0,30.0,False,Maritime Container Unit 1,Optimal ambient conditions
tele-008,e3f4a5b6-c7d8-4e9f-0a1b-2c3d4e5f6a7b,2026-09-06T10:00:00Z,22.1,10.0,30.0,False,Maritime Container Unit 1,Optimal ambient conditions
tele-009,e3f4a5b6-c7d8-4e9f-0a1b-2c3d4e5f6a7b,2026-09-10T08:00:00Z,20.8,10.0,30.0,False,Maritime Container Unit 1,Arrival dock temperature verified
